<program><block><decls><func size="16" offset="0"><sym id="2" name="int"/><sym id="4" name="foo"/><args size="12"><var_decl size="1" offset="0"><sym id="1" name="char"/><sym id="5" name="aa"/></var_decl>
<var_decl size="1" offset="4"><sym id="1" name="char"/><sym id="6" name="bb"/></var_decl>
<var_decl size="1" offset="8"><sym id="1" name="char"/><sym id="7" name="cc"/></var_decl>
</args>
<decls size= "4"><var_decl size="4" offset="12"><sym id="2" name="int"/><sym id="8" name="dd"/></var_decl>
</decls>
<stmts><return><varref size="1" offset="0"><sym id="5" name="aa"/></varref>
</return>
</stmts>
</func>
</decls>
<stmts><print><int value="1"/></print>
</stmts>
</block>
</program>

